,Competency,Commitment,ServiceYears,Promotedwithyears,Satisfaction,Performance,class
1,vhigh,vhigh,2,2,low,low,Fail
2,vhigh,vhigh,2,2,low,med,Fail
3,vhigh,vhigh,2,2,low,high,Fail
4,vhigh,vhigh,2,2,med,low,Fail
5,vhigh,vhigh,2,2,med,med,Fail
6,vhigh,vhigh,2,2,med,high,Fail
7,vhigh,vhigh,2,2,high,low,Fail
8,vhigh,vhigh,2,2,high,med,Fail
9,vhigh,vhigh,2,2,high,high,Fail
10,vhigh,vhigh,2,4,low,low,Fail
11,vhigh,vhigh,2,4,low,med,Fail
12,vhigh,vhigh,2,4,low,high,Fail
13,vhigh,vhigh,2,4,med,low,Fail
14,vhigh,vhigh,2,4,med,med,Fail
15,vhigh,vhigh,2,4,med,high,Fail
16,vhigh,vhigh,2,4,high,low,Fail
17,vhigh,vhigh,2,4,high,med,Fail
18,vhigh,vhigh,2,4,high,high,Fail
19,vhigh,vhigh,2,more,low,low,Fail
20,vhigh,vhigh,2,more,low,med,Fail
21,vhigh,vhigh,2,more,low,high,Fail
22,vhigh,vhigh,2,more,med,low,Fail
23,vhigh,vhigh,2,more,med,med,Fail
24,vhigh,vhigh,2,more,med,high,Fail
25,vhigh,vhigh,2,more,high,low,Fail
26,vhigh,vhigh,2,more,high,med,Fail
27,vhigh,vhigh,2,more,high,high,Fail
28,vhigh,vhigh,3,2,low,low,Fail
29,vhigh,vhigh,3,2,low,med,Fail
30,vhigh,vhigh,3,2,low,high,Fail
31,vhigh,vhigh,3,2,med,low,Fail
32,vhigh,vhigh,3,2,med,med,Fail
33,vhigh,vhigh,3,2,med,high,Fail
34,vhigh,vhigh,3,2,high,low,Fail
35,vhigh,vhigh,3,2,high,med,Fail
36,vhigh,vhigh,3,2,high,high,Fail
37,vhigh,vhigh,3,4,low,low,Fail
38,vhigh,vhigh,3,4,low,med,Fail
39,vhigh,vhigh,3,4,low,high,Fail
40,vhigh,vhigh,3,4,med,low,Fail
41,vhigh,vhigh,3,4,med,med,Fail
42,vhigh,vhigh,3,4,med,high,Fail
43,vhigh,vhigh,3,4,high,low,Fail
44,vhigh,vhigh,3,4,high,med,Fail
45,vhigh,vhigh,3,4,high,high,Fail
46,vhigh,vhigh,3,more,low,low,Fail
47,vhigh,vhigh,3,more,low,med,Fail
48,vhigh,vhigh,3,more,low,high,Fail
49,vhigh,vhigh,3,more,med,low,Fail
50,vhigh,vhigh,3,more,med,med,Fail
51,vhigh,vhigh,3,more,med,high,Fail
52,vhigh,vhigh,3,more,high,low,Fail
53,vhigh,vhigh,3,more,high,med,Fail
54,vhigh,vhigh,3,more,high,high,Fail
55,vhigh,vhigh,4,2,low,low,Fail
56,vhigh,vhigh,4,2,low,med,Fail
57,vhigh,vhigh,4,2,low,high,Fail
58,vhigh,vhigh,4,2,med,low,Fail
59,vhigh,vhigh,4,2,med,med,Fail
60,vhigh,vhigh,4,2,med,high,Fail
61,vhigh,vhigh,4,2,high,low,Fail
62,vhigh,vhigh,4,2,high,med,Fail
63,vhigh,vhigh,4,2,high,high,Fail
64,vhigh,vhigh,4,4,low,low,Fail
65,vhigh,vhigh,4,4,low,med,Fail
66,vhigh,vhigh,4,4,low,high,Fail
67,vhigh,vhigh,4,4,med,low,Fail
68,vhigh,vhigh,4,4,med,med,Fail
69,vhigh,vhigh,4,4,med,high,Fail
70,vhigh,vhigh,4,4,high,low,Fail
71,vhigh,vhigh,4,4,high,med,Fail
72,vhigh,vhigh,4,4,high,high,Fail
73,vhigh,vhigh,4,more,low,low,Fail
74,vhigh,vhigh,4,more,low,med,Fail
75,vhigh,vhigh,4,more,low,high,Fail
76,vhigh,vhigh,4,more,med,low,Fail
77,vhigh,vhigh,4,more,med,med,Fail
78,vhigh,vhigh,4,more,med,high,Fail
79,vhigh,vhigh,4,more,high,low,Fail
80,vhigh,vhigh,4,more,high,med,Fail
81,vhigh,vhigh,4,more,high,high,Fail
82,vhigh,vhigh,5more,2,low,low,Fail
83,vhigh,vhigh,5more,2,low,med,Fail
84,vhigh,vhigh,5more,2,low,high,Fail
85,vhigh,vhigh,5more,2,med,low,Fail
86,vhigh,vhigh,5more,2,med,med,Fail
87,vhigh,vhigh,5more,2,med,high,Fail
88,vhigh,vhigh,5more,2,high,low,Fail
89,vhigh,vhigh,5more,2,high,med,Fail
90,vhigh,vhigh,5more,2,high,high,Fail
91,vhigh,vhigh,5more,4,low,low,Fail
92,vhigh,vhigh,5more,4,low,med,Fail
93,vhigh,vhigh,5more,4,low,high,Fail
94,vhigh,vhigh,5more,4,med,low,Fail
95,vhigh,vhigh,5more,4,med,med,Fail
96,vhigh,vhigh,5more,4,med,high,Fail
97,vhigh,vhigh,5more,4,high,low,Fail
98,vhigh,vhigh,5more,4,high,med,Fail
99,vhigh,vhigh,5more,4,high,high,Fail
100,vhigh,vhigh,5more,more,low,low,Fail
101,vhigh,vhigh,5more,more,low,med,Fail
102,vhigh,vhigh,5more,more,low,high,Fail
103,vhigh,vhigh,5more,more,med,low,Fail
104,vhigh,vhigh,5more,more,med,med,Fail
105,vhigh,vhigh,5more,more,med,high,Fail
106,vhigh,vhigh,5more,more,high,low,Fail
107,vhigh,vhigh,5more,more,high,med,Fail
108,vhigh,vhigh,5more,more,high,high,Fail
109,vhigh,high,2,2,low,low,Fail
110,vhigh,high,2,2,low,med,Fail
111,vhigh,high,2,2,low,high,Fail
112,vhigh,high,2,2,med,low,Fail
113,vhigh,high,2,2,med,med,Fail
114,vhigh,high,2,2,med,high,Fail
115,vhigh,high,2,2,high,low,Fail
116,vhigh,high,2,2,high,med,Fail
117,vhigh,high,2,2,high,high,Fail
118,vhigh,high,2,4,low,low,Fail
119,vhigh,high,2,4,low,med,Fail
120,vhigh,high,2,4,low,high,Fail
121,vhigh,high,2,4,med,low,Fail
122,vhigh,high,2,4,med,med,Fail
123,vhigh,high,2,4,med,high,Fail
124,vhigh,high,2,4,high,low,Fail
125,vhigh,high,2,4,high,med,Fail
126,vhigh,high,2,4,high,high,Fail
127,vhigh,high,2,more,low,low,Fail
128,vhigh,high,2,more,low,med,Fail
129,vhigh,high,2,more,low,high,Fail
130,vhigh,high,2,more,med,low,Fail
131,vhigh,high,2,more,med,med,Fail
132,vhigh,high,2,more,med,high,Fail
133,vhigh,high,2,more,high,low,Fail
134,vhigh,high,2,more,high,med,Fail
135,vhigh,high,2,more,high,high,Fail
136,vhigh,high,3,2,low,low,Fail
137,vhigh,high,3,2,low,med,Fail
138,vhigh,high,3,2,low,high,Fail
139,vhigh,high,3,2,med,low,Fail
140,vhigh,high,3,2,med,med,Fail
141,vhigh,high,3,2,med,high,Fail
142,vhigh,high,3,2,high,low,Fail
143,vhigh,high,3,2,high,med,Fail
144,vhigh,high,3,2,high,high,Fail
145,vhigh,high,3,4,low,low,Fail
146,vhigh,high,3,4,low,med,Fail
147,vhigh,high,3,4,low,high,Fail
148,vhigh,high,3,4,med,low,Fail
149,vhigh,high,3,4,med,med,Fail
150,vhigh,high,3,4,med,high,Fail
151,vhigh,high,3,4,high,low,Fail
152,vhigh,high,3,4,high,med,Fail
153,vhigh,high,3,4,high,high,Fail
154,vhigh,high,3,more,low,low,Fail
155,vhigh,high,3,more,low,med,Fail
156,vhigh,high,3,more,low,high,Fail
157,vhigh,high,3,more,med,low,Fail
158,vhigh,high,3,more,med,med,Fail
159,vhigh,high,3,more,med,high,Fail
160,vhigh,high,3,more,high,low,Fail
161,vhigh,high,3,more,high,med,Fail
162,vhigh,high,3,more,high,high,Fail
163,vhigh,high,4,2,low,low,Fail
164,vhigh,high,4,2,low,med,Fail
165,vhigh,high,4,2,low,high,Fail
166,vhigh,high,4,2,med,low,Fail
167,vhigh,high,4,2,med,med,Fail
168,vhigh,high,4,2,med,high,Fail
169,vhigh,high,4,2,high,low,Fail
170,vhigh,high,4,2,high,med,Fail
171,vhigh,high,4,2,high,high,Fail
172,vhigh,high,4,4,low,low,Fail
173,vhigh,high,4,4,low,med,Fail
174,vhigh,high,4,4,low,high,Fail
175,vhigh,high,4,4,med,low,Fail
176,vhigh,high,4,4,med,med,Fail
177,vhigh,high,4,4,med,high,Fail
178,vhigh,high,4,4,high,low,Fail
179,vhigh,high,4,4,high,med,Fail
180,vhigh,high,4,4,high,high,Fail
181,vhigh,high,4,more,low,low,Fail
182,vhigh,high,4,more,low,med,Fail
183,vhigh,high,4,more,low,high,Fail
184,vhigh,high,4,more,med,low,Fail
185,vhigh,high,4,more,med,med,Fail
186,vhigh,high,4,more,med,high,Fail
187,vhigh,high,4,more,high,low,Fail
188,vhigh,high,4,more,high,med,Fail
189,vhigh,high,4,more,high,high,Fail
190,vhigh,high,5more,2,low,low,Fail
191,vhigh,high,5more,2,low,med,Fail
192,vhigh,high,5more,2,low,high,Fail
193,vhigh,high,5more,2,med,low,Fail
194,vhigh,high,5more,2,med,med,Fail
195,vhigh,high,5more,2,med,high,Fail
196,vhigh,high,5more,2,high,low,Fail
197,vhigh,high,5more,2,high,med,Fail
198,vhigh,high,5more,2,high,high,Fail
199,vhigh,high,5more,4,low,low,Fail
200,vhigh,high,5more,4,low,med,Fail
201,vhigh,high,5more,4,low,high,Fail
202,vhigh,high,5more,4,med,low,Fail
203,vhigh,high,5more,4,med,med,Fail
204,vhigh,high,5more,4,med,high,Fail
205,vhigh,high,5more,4,high,low,Fail
206,vhigh,high,5more,4,high,med,Fail
207,vhigh,high,5more,4,high,high,Fail
208,vhigh,high,5more,more,low,low,Fail
209,vhigh,high,5more,more,low,med,Fail
210,vhigh,high,5more,more,low,high,Fail
211,vhigh,high,5more,more,med,low,Fail
212,vhigh,high,5more,more,med,med,Fail
213,vhigh,high,5more,more,med,high,Fail
214,vhigh,high,5more,more,high,low,Fail
215,vhigh,high,5more,more,high,med,Fail
216,vhigh,high,5more,more,high,high,Fail
217,vhigh,med,2,2,low,low,Fail
218,vhigh,med,2,2,low,med,Fail
219,vhigh,med,2,2,low,high,Fail
220,vhigh,med,2,2,med,low,Fail
221,vhigh,med,2,2,med,med,Fail
222,vhigh,med,2,2,med,high,Fail
223,vhigh,med,2,2,high,low,Fail
224,vhigh,med,2,2,high,med,Fail
225,vhigh,med,2,2,high,high,Fail
226,vhigh,med,2,4,low,low,Fail
227,vhigh,med,2,4,low,med,Fail
228,vhigh,med,2,4,low,high,NeedImp
229,vhigh,med,2,4,med,low,Fail
230,vhigh,med,2,4,med,med,Fail
231,vhigh,med,2,4,med,high,NeedImp
232,vhigh,med,2,4,high,low,Fail
233,vhigh,med,2,4,high,med,NeedImp
234,vhigh,med,2,4,high,high,NeedImp
235,vhigh,med,2,more,low,low,Fail
236,vhigh,med,2,more,low,med,Fail
237,vhigh,med,2,more,low,high,Fail
238,vhigh,med,2,more,med,low,Fail
239,vhigh,med,2,more,med,med,Fail
240,vhigh,med,2,more,med,high,NeedImp
241,vhigh,med,2,more,high,low,Fail
242,vhigh,med,2,more,high,med,NeedImp
243,vhigh,med,2,more,high,high,NeedImp
244,vhigh,med,3,2,low,low,Fail
245,vhigh,med,3,2,low,med,Fail
246,vhigh,med,3,2,low,high,Fail
247,vhigh,med,3,2,med,low,Fail
248,vhigh,med,3,2,med,med,Fail
249,vhigh,med,3,2,med,high,Fail
250,vhigh,med,3,2,high,low,Fail
251,vhigh,med,3,2,high,med,Fail
252,vhigh,med,3,2,high,high,Fail
253,vhigh,med,3,4,low,low,Fail
254,vhigh,med,3,4,low,med,Fail
255,vhigh,med,3,4,low,high,NeedImp
256,vhigh,med,3,4,med,low,Fail
257,vhigh,med,3,4,med,med,Fail
258,vhigh,med,3,4,med,high,NeedImp
259,vhigh,med,3,4,high,low,Fail
260,vhigh,med,3,4,high,med,NeedImp
261,vhigh,med,3,4,high,high,NeedImp
262,vhigh,med,3,more,low,low,Fail
263,vhigh,med,3,more,low,med,Fail
264,vhigh,med,3,more,low,high,NeedImp
265,vhigh,med,3,more,med,low,Fail
266,vhigh,med,3,more,med,med,NeedImp
267,vhigh,med,3,more,med,high,NeedImp
268,vhigh,med,3,more,high,low,Fail
269,vhigh,med,3,more,high,med,NeedImp
270,vhigh,med,3,more,high,high,NeedImp
271,vhigh,med,4,2,low,low,Fail
272,vhigh,med,4,2,low,med,Fail
273,vhigh,med,4,2,low,high,Fail
274,vhigh,med,4,2,med,low,Fail
275,vhigh,med,4,2,med,med,Fail
276,vhigh,med,4,2,med,high,Fail
277,vhigh,med,4,2,high,low,Fail
278,vhigh,med,4,2,high,med,Fail
279,vhigh,med,4,2,high,high,Fail
280,vhigh,med,4,4,low,low,Fail
281,vhigh,med,4,4,low,med,Fail
282,vhigh,med,4,4,low,high,NeedImp
283,vhigh,med,4,4,med,low,Fail
284,vhigh,med,4,4,med,med,NeedImp
285,vhigh,med,4,4,med,high,NeedImp
286,vhigh,med,4,4,high,low,Fail
287,vhigh,med,4,4,high,med,NeedImp
288,vhigh,med,4,4,high,high,NeedImp
289,vhigh,med,4,more,low,low,Fail
290,vhigh,med,4,more,low,med,Fail
291,vhigh,med,4,more,low,high,NeedImp
292,vhigh,med,4,more,med,low,Fail
293,vhigh,med,4,more,med,med,NeedImp
294,vhigh,med,4,more,med,high,NeedImp
295,vhigh,med,4,more,high,low,Fail
296,vhigh,med,4,more,high,med,NeedImp
297,vhigh,med,4,more,high,high,NeedImp
298,vhigh,med,5more,2,low,low,Fail
299,vhigh,med,5more,2,low,med,Fail
300,vhigh,med,5more,2,low,high,Fail
301,vhigh,med,5more,2,med,low,Fail
302,vhigh,med,5more,2,med,med,Fail
303,vhigh,med,5more,2,med,high,Fail
304,vhigh,med,5more,2,high,low,Fail
305,vhigh,med,5more,2,high,med,Fail
306,vhigh,med,5more,2,high,high,Fail
307,vhigh,med,5more,4,low,low,Fail
308,vhigh,med,5more,4,low,med,Fail
309,vhigh,med,5more,4,low,high,NeedImp
310,vhigh,med,5more,4,med,low,Fail
311,vhigh,med,5more,4,med,med,NeedImp
312,vhigh,med,5more,4,med,high,NeedImp
313,vhigh,med,5more,4,high,low,Fail
314,vhigh,med,5more,4,high,med,NeedImp
315,vhigh,med,5more,4,high,high,NeedImp
316,vhigh,med,5more,more,low,low,Fail
317,vhigh,med,5more,more,low,med,Fail
318,vhigh,med,5more,more,low,high,NeedImp
319,vhigh,med,5more,more,med,low,Fail
320,vhigh,med,5more,more,med,med,NeedImp
321,vhigh,med,5more,more,med,high,NeedImp
322,vhigh,med,5more,more,high,low,Fail
323,vhigh,med,5more,more,high,med,NeedImp
324,vhigh,med,5more,more,high,high,NeedImp
325,vhigh,low,2,2,low,low,Fail
326,vhigh,low,2,2,low,med,Fail
327,vhigh,low,2,2,low,high,Fail
328,vhigh,low,2,2,med,low,Fail
329,vhigh,low,2,2,med,med,Fail
330,vhigh,low,2,2,med,high,Fail
331,vhigh,low,2,2,high,low,Fail
332,vhigh,low,2,2,high,med,Fail
333,vhigh,low,2,2,high,high,Fail
334,vhigh,low,2,4,low,low,Fail
335,vhigh,low,2,4,low,med,Fail
336,vhigh,low,2,4,low,high,NeedImp
337,vhigh,low,2,4,med,low,Fail
338,vhigh,low,2,4,med,med,Fail
339,vhigh,low,2,4,med,high,NeedImp
340,vhigh,low,2,4,high,low,Fail
341,vhigh,low,2,4,high,med,NeedImp
342,vhigh,low,2,4,high,high,NeedImp
343,vhigh,low,2,more,low,low,Fail
344,vhigh,low,2,more,low,med,Fail
345,vhigh,low,2,more,low,high,Fail
346,vhigh,low,2,more,med,low,Fail
347,vhigh,low,2,more,med,med,Fail
348,vhigh,low,2,more,med,high,NeedImp
349,vhigh,low,2,more,high,low,Fail
350,vhigh,low,2,more,high,med,NeedImp
351,vhigh,low,2,more,high,high,NeedImp
352,vhigh,low,3,2,low,low,Fail
353,vhigh,low,3,2,low,med,Fail
354,vhigh,low,3,2,low,high,Fail
355,vhigh,low,3,2,med,low,Fail
356,vhigh,low,3,2,med,med,Fail
357,vhigh,low,3,2,med,high,Fail
358,vhigh,low,3,2,high,low,Fail
359,vhigh,low,3,2,high,med,Fail
360,vhigh,low,3,2,high,high,Fail
361,vhigh,low,3,4,low,low,Fail
362,vhigh,low,3,4,low,med,Fail
363,vhigh,low,3,4,low,high,NeedImp
364,vhigh,low,3,4,med,low,Fail
365,vhigh,low,3,4,med,med,Fail
366,vhigh,low,3,4,med,high,NeedImp
367,vhigh,low,3,4,high,low,Fail
368,vhigh,low,3,4,high,med,NeedImp
369,vhigh,low,3,4,high,high,NeedImp
370,vhigh,low,3,more,low,low,Fail
371,vhigh,low,3,more,low,med,Fail
372,vhigh,low,3,more,low,high,NeedImp
373,vhigh,low,3,more,med,low,Fail
374,vhigh,low,3,more,med,med,NeedImp
375,vhigh,low,3,more,med,high,NeedImp
376,vhigh,low,3,more,high,low,Fail
377,vhigh,low,3,more,high,med,NeedImp
378,vhigh,low,3,more,high,high,NeedImp
379,vhigh,low,4,2,low,low,Fail
380,vhigh,low,4,2,low,med,Fail
381,vhigh,low,4,2,low,high,Fail
382,vhigh,low,4,2,med,low,Fail
383,vhigh,low,4,2,med,med,Fail
384,vhigh,low,4,2,med,high,Fail
385,vhigh,low,4,2,high,low,Fail
386,vhigh,low,4,2,high,med,Fail
387,vhigh,low,4,2,high,high,Fail
388,vhigh,low,4,4,low,low,Fail
389,vhigh,low,4,4,low,med,Fail
390,vhigh,low,4,4,low,high,NeedImp
391,vhigh,low,4,4,med,low,Fail
392,vhigh,low,4,4,med,med,NeedImp
393,vhigh,low,4,4,med,high,NeedImp
394,vhigh,low,4,4,high,low,Fail
395,vhigh,low,4,4,high,med,NeedImp
396,vhigh,low,4,4,high,high,NeedImp
397,vhigh,low,4,more,low,low,Fail
398,vhigh,low,4,more,low,med,Fail
399,vhigh,low,4,more,low,high,NeedImp
400,vhigh,low,4,more,med,low,Fail
401,vhigh,low,4,more,med,med,NeedImp
402,vhigh,low,4,more,med,high,NeedImp
403,vhigh,low,4,more,high,low,Fail
404,vhigh,low,4,more,high,med,NeedImp
405,vhigh,low,4,more,high,high,NeedImp
406,vhigh,low,5more,2,low,low,Fail
407,vhigh,low,5more,2,low,med,Fail
408,vhigh,low,5more,2,low,high,Fail
409,vhigh,low,5more,2,med,low,Fail
410,vhigh,low,5more,2,med,med,Fail
411,vhigh,low,5more,2,med,high,Fail
412,vhigh,low,5more,2,high,low,Fail
413,vhigh,low,5more,2,high,med,Fail
414,vhigh,low,5more,2,high,high,Fail
415,vhigh,low,5more,4,low,low,Fail
416,vhigh,low,5more,4,low,med,Fail
417,vhigh,low,5more,4,low,high,NeedImp
418,vhigh,low,5more,4,med,low,Fail
419,vhigh,low,5more,4,med,med,NeedImp
420,vhigh,low,5more,4,med,high,NeedImp
421,vhigh,low,5more,4,high,low,Fail
422,vhigh,low,5more,4,high,med,NeedImp
423,vhigh,low,5more,4,high,high,NeedImp
424,vhigh,low,5more,more,low,low,Fail
425,vhigh,low,5more,more,low,med,Fail
426,vhigh,low,5more,more,low,high,NeedImp
427,vhigh,low,5more,more,med,low,Fail
428,vhigh,low,5more,more,med,med,NeedImp
429,vhigh,low,5more,more,med,high,NeedImp
430,vhigh,low,5more,more,high,low,Fail
431,vhigh,low,5more,more,high,med,NeedImp
432,vhigh,low,5more,more,high,high,NeedImp
433,high,vhigh,2,2,low,low,Fail
434,high,vhigh,2,2,low,med,Fail
435,high,vhigh,2,2,low,high,Fail
436,high,vhigh,2,2,med,low,Fail
437,high,vhigh,2,2,med,med,Fail
438,high,vhigh,2,2,med,high,Fail
439,high,vhigh,2,2,high,low,Fail
440,high,vhigh,2,2,high,med,Fail
441,high,vhigh,2,2,high,high,Fail
442,high,vhigh,2,4,low,low,Fail
443,high,vhigh,2,4,low,med,Fail
444,high,vhigh,2,4,low,high,Fail
445,high,vhigh,2,4,med,low,Fail
446,high,vhigh,2,4,med,med,Fail
447,high,vhigh,2,4,med,high,Fail
448,high,vhigh,2,4,high,low,Fail
449,high,vhigh,2,4,high,med,Fail
450,high,vhigh,2,4,high,high,Fail
451,high,vhigh,2,more,low,low,Fail
452,high,vhigh,2,more,low,med,Fail
453,high,vhigh,2,more,low,high,Fail
454,high,vhigh,2,more,med,low,Fail
455,high,vhigh,2,more,med,med,Fail
456,high,vhigh,2,more,med,high,Fail
457,high,vhigh,2,more,high,low,Fail
458,high,vhigh,2,more,high,med,Fail
459,high,vhigh,2,more,high,high,Fail
460,high,vhigh,3,2,low,low,Fail
461,high,vhigh,3,2,low,med,Fail
462,high,vhigh,3,2,low,high,Fail
463,high,vhigh,3,2,med,low,Fail
464,high,vhigh,3,2,med,med,Fail
465,high,vhigh,3,2,med,high,Fail
466,high,vhigh,3,2,high,low,Fail
467,high,vhigh,3,2,high,med,Fail
468,high,vhigh,3,2,high,high,Fail
469,high,vhigh,3,4,low,low,Fail
470,high,vhigh,3,4,low,med,Fail
471,high,vhigh,3,4,low,high,Fail
472,high,vhigh,3,4,med,low,Fail
473,high,vhigh,3,4,med,med,Fail
474,high,vhigh,3,4,med,high,Fail
475,high,vhigh,3,4,high,low,Fail
476,high,vhigh,3,4,high,med,Fail
477,high,vhigh,3,4,high,high,Fail
478,high,vhigh,3,more,low,low,Fail
479,high,vhigh,3,more,low,med,Fail
480,high,vhigh,3,more,low,high,Fail
481,high,vhigh,3,more,med,low,Fail
482,high,vhigh,3,more,med,med,Fail
483,high,vhigh,3,more,med,high,Fail
484,high,vhigh,3,more,high,low,Fail
485,high,vhigh,3,more,high,med,Fail
486,high,vhigh,3,more,high,high,Fail
487,high,vhigh,4,2,low,low,Fail
488,high,vhigh,4,2,low,med,Fail
489,high,vhigh,4,2,low,high,Fail
490,high,vhigh,4,2,med,low,Fail
491,high,vhigh,4,2,med,med,Fail
492,high,vhigh,4,2,med,high,Fail
493,high,vhigh,4,2,high,low,Fail
494,high,vhigh,4,2,high,med,Fail
495,high,vhigh,4,2,high,high,Fail
496,high,vhigh,4,4,low,low,Fail
497,high,vhigh,4,4,low,med,Fail
498,high,vhigh,4,4,low,high,Fail
499,high,vhigh,4,4,med,low,Fail
500,high,vhigh,4,4,med,med,Fail
501,high,vhigh,4,4,med,high,Fail
502,high,vhigh,4,4,high,low,Fail
503,high,vhigh,4,4,high,med,Fail
504,high,vhigh,4,4,high,high,Fail
505,high,vhigh,4,more,low,low,Fail
506,high,vhigh,4,more,low,med,Fail
507,high,vhigh,4,more,low,high,Fail
508,high,vhigh,4,more,med,low,Fail
509,high,vhigh,4,more,med,med,Fail
510,high,vhigh,4,more,med,high,Fail
511,high,vhigh,4,more,high,low,Fail
512,high,vhigh,4,more,high,med,Fail
513,high,vhigh,4,more,high,high,Fail
514,high,vhigh,5more,2,low,low,Fail
515,high,vhigh,5more,2,low,med,Fail
516,high,vhigh,5more,2,low,high,Fail
517,high,vhigh,5more,2,med,low,Fail
518,high,vhigh,5more,2,med,med,Fail
519,high,vhigh,5more,2,med,high,Fail
520,high,vhigh,5more,2,high,low,Fail
521,high,vhigh,5more,2,high,med,Fail
522,high,vhigh,5more,2,high,high,Fail
523,high,vhigh,5more,4,low,low,Fail
524,high,vhigh,5more,4,low,med,Fail
525,high,vhigh,5more,4,low,high,Fail
526,high,vhigh,5more,4,med,low,Fail
527,high,vhigh,5more,4,med,med,Fail
528,high,vhigh,5more,4,med,high,Fail
529,high,vhigh,5more,4,high,low,Fail
530,high,vhigh,5more,4,high,med,Fail
531,high,vhigh,5more,4,high,high,Fail
532,high,vhigh,5more,more,low,low,Fail
533,high,vhigh,5more,more,low,med,Fail
534,high,vhigh,5more,more,low,high,Fail
535,high,vhigh,5more,more,med,low,Fail
536,high,vhigh,5more,more,med,med,Fail
537,high,vhigh,5more,more,med,high,Fail
538,high,vhigh,5more,more,high,low,Fail
539,high,vhigh,5more,more,high,med,Fail
540,high,vhigh,5more,more,high,high,Fail
541,high,high,2,2,low,low,Fail
542,high,high,2,2,low,med,Fail
543,high,high,2,2,low,high,Fail
544,high,high,2,2,med,low,Fail
545,high,high,2,2,med,med,Fail
546,high,high,2,2,med,high,Fail
547,high,high,2,2,high,low,Fail
548,high,high,2,2,high,med,Fail
549,high,high,2,2,high,high,Fail
550,high,high,2,4,low,low,Fail
551,high,high,2,4,low,med,Fail
552,high,high,2,4,low,high,NeedImp
553,high,high,2,4,med,low,Fail
554,high,high,2,4,med,med,Fail
555,high,high,2,4,med,high,NeedImp
556,high,high,2,4,high,low,Fail
557,high,high,2,4,high,med,NeedImp
558,high,high,2,4,high,high,NeedImp
559,high,high,2,more,low,low,Fail
560,high,high,2,more,low,med,Fail
561,high,high,2,more,low,high,Fail
562,high,high,2,more,med,low,Fail
563,high,high,2,more,med,med,Fail
564,high,high,2,more,med,high,NeedImp
565,high,high,2,more,high,low,Fail
566,high,high,2,more,high,med,NeedImp
567,high,high,2,more,high,high,NeedImp
568,high,high,3,2,low,low,Fail
569,high,high,3,2,low,med,Fail
570,high,high,3,2,low,high,Fail
571,high,high,3,2,med,low,Fail
572,high,high,3,2,med,med,Fail
573,high,high,3,2,med,high,Fail
574,high,high,3,2,high,low,Fail
575,high,high,3,2,high,med,Fail
576,high,high,3,2,high,high,Fail
577,high,high,3,4,low,low,Fail
578,high,high,3,4,low,med,Fail
579,high,high,3,4,low,high,NeedImp
580,high,high,3,4,med,low,Fail
581,high,high,3,4,med,med,Fail
582,high,high,3,4,med,high,NeedImp
583,high,high,3,4,high,low,Fail
584,high,high,3,4,high,med,NeedImp
585,high,high,3,4,high,high,NeedImp
586,high,high,3,more,low,low,Fail
587,high,high,3,more,low,med,Fail
588,high,high,3,more,low,high,NeedImp
589,high,high,3,more,med,low,Fail
590,high,high,3,more,med,med,NeedImp
591,high,high,3,more,med,high,NeedImp
592,high,high,3,more,high,low,Fail
593,high,high,3,more,high,med,NeedImp
594,high,high,3,more,high,high,NeedImp
595,high,high,4,2,low,low,Fail
596,high,high,4,2,low,med,Fail
597,high,high,4,2,low,high,Fail
598,high,high,4,2,med,low,Fail
599,high,high,4,2,med,med,Fail
600,high,high,4,2,med,high,Fail
601,high,high,4,2,high,low,Fail
602,high,high,4,2,high,med,Fail
603,high,high,4,2,high,high,Fail
604,high,high,4,4,low,low,Fail
605,high,high,4,4,low,med,Fail
606,high,high,4,4,low,high,NeedImp
607,high,high,4,4,med,low,Fail
608,high,high,4,4,med,med,NeedImp
609,high,high,4,4,med,high,NeedImp
610,high,high,4,4,high,low,Fail
611,high,high,4,4,high,med,NeedImp
612,high,high,4,4,high,high,NeedImp
613,high,high,4,more,low,low,Fail
614,high,high,4,more,low,med,Fail
615,high,high,4,more,low,high,NeedImp
616,high,high,4,more,med,low,Fail
617,high,high,4,more,med,med,NeedImp
618,high,high,4,more,med,high,NeedImp
619,high,high,4,more,high,low,Fail
620,high,high,4,more,high,med,NeedImp
621,high,high,4,more,high,high,NeedImp
622,high,high,5more,2,low,low,Fail
623,high,high,5more,2,low,med,Fail
624,high,high,5more,2,low,high,Fail
625,high,high,5more,2,med,low,Fail
626,high,high,5more,2,med,med,Fail
627,high,high,5more,2,med,high,Fail
628,high,high,5more,2,high,low,Fail
629,high,high,5more,2,high,med,Fail
630,high,high,5more,2,high,high,Fail
631,high,high,5more,4,low,low,Fail
632,high,high,5more,4,low,med,Fail
633,high,high,5more,4,low,high,NeedImp
634,high,high,5more,4,med,low,Fail
635,high,high,5more,4,med,med,NeedImp
636,high,high,5more,4,med,high,NeedImp
637,high,high,5more,4,high,low,Fail
638,high,high,5more,4,high,med,NeedImp
639,high,high,5more,4,high,high,NeedImp
640,high,high,5more,more,low,low,Fail
641,high,high,5more,more,low,med,Fail
642,high,high,5more,more,low,high,NeedImp
643,high,high,5more,more,med,low,Fail
644,high,high,5more,more,med,med,NeedImp
645,high,high,5more,more,med,high,NeedImp
646,high,high,5more,more,high,low,Fail
647,high,high,5more,more,high,med,NeedImp
648,high,high,5more,more,high,high,NeedImp
649,high,med,2,2,low,low,Fail
650,high,med,2,2,low,med,Fail
651,high,med,2,2,low,high,Fail
652,high,med,2,2,med,low,Fail
653,high,med,2,2,med,med,Fail
654,high,med,2,2,med,high,Fail
655,high,med,2,2,high,low,Fail
656,high,med,2,2,high,med,Fail
657,high,med,2,2,high,high,Fail
658,high,med,2,4,low,low,Fail
659,high,med,2,4,low,med,Fail
660,high,med,2,4,low,high,NeedImp
661,high,med,2,4,med,low,Fail
662,high,med,2,4,med,med,Fail
663,high,med,2,4,med,high,NeedImp
664,high,med,2,4,high,low,Fail
665,high,med,2,4,high,med,NeedImp
666,high,med,2,4,high,high,NeedImp
667,high,med,2,more,low,low,Fail
668,high,med,2,more,low,med,Fail
669,high,med,2,more,low,high,Fail
670,high,med,2,more,med,low,Fail
671,high,med,2,more,med,med,Fail
672,high,med,2,more,med,high,NeedImp
673,high,med,2,more,high,low,Fail
674,high,med,2,more,high,med,NeedImp
675,high,med,2,more,high,high,NeedImp
676,high,med,3,2,low,low,Fail
677,high,med,3,2,low,med,Fail
678,high,med,3,2,low,high,Fail
679,high,med,3,2,med,low,Fail
680,high,med,3,2,med,med,Fail
681,high,med,3,2,med,high,Fail
682,high,med,3,2,high,low,Fail
683,high,med,3,2,high,med,Fail
684,high,med,3,2,high,high,Fail
685,high,med,3,4,low,low,Fail
686,high,med,3,4,low,med,Fail
687,high,med,3,4,low,high,NeedImp
688,high,med,3,4,med,low,Fail
689,high,med,3,4,med,med,Fail
690,high,med,3,4,med,high,NeedImp
691,high,med,3,4,high,low,Fail
692,high,med,3,4,high,med,NeedImp
693,high,med,3,4,high,high,NeedImp
694,high,med,3,more,low,low,Fail
695,high,med,3,more,low,med,Fail
696,high,med,3,more,low,high,NeedImp
697,high,med,3,more,med,low,Fail
698,high,med,3,more,med,med,NeedImp
699,high,med,3,more,med,high,NeedImp
700,high,med,3,more,high,low,Fail
701,high,med,3,more,high,med,NeedImp
702,high,med,3,more,high,high,NeedImp
703,high,med,4,2,low,low,Fail
704,high,med,4,2,low,med,Fail
705,high,med,4,2,low,high,Fail
706,high,med,4,2,med,low,Fail
707,high,med,4,2,med,med,Fail
708,high,med,4,2,med,high,Fail
709,high,med,4,2,high,low,Fail
710,high,med,4,2,high,med,Fail
711,high,med,4,2,high,high,Fail
712,high,med,4,4,low,low,Fail
713,high,med,4,4,low,med,Fail
714,high,med,4,4,low,high,NeedImp
715,high,med,4,4,med,low,Fail
716,high,med,4,4,med,med,NeedImp
717,high,med,4,4,med,high,NeedImp
718,high,med,4,4,high,low,Fail
719,high,med,4,4,high,med,NeedImp
720,high,med,4,4,high,high,NeedImp
721,high,med,4,more,low,low,Fail
722,high,med,4,more,low,med,Fail
723,high,med,4,more,low,high,NeedImp
724,high,med,4,more,med,low,Fail
725,high,med,4,more,med,med,NeedImp
726,high,med,4,more,med,high,NeedImp
727,high,med,4,more,high,low,Fail
728,high,med,4,more,high,med,NeedImp
729,high,med,4,more,high,high,NeedImp
730,high,med,5more,2,low,low,Fail
731,high,med,5more,2,low,med,Fail
732,high,med,5more,2,low,high,Fail
733,high,med,5more,2,med,low,Fail
734,high,med,5more,2,med,med,Fail
735,high,med,5more,2,med,high,Fail
736,high,med,5more,2,high,low,Fail
737,high,med,5more,2,high,med,Fail
738,high,med,5more,2,high,high,Fail
739,high,med,5more,4,low,low,Fail
740,high,med,5more,4,low,med,Fail
741,high,med,5more,4,low,high,NeedImp
742,high,med,5more,4,med,low,Fail
743,high,med,5more,4,med,med,NeedImp
744,high,med,5more,4,med,high,NeedImp
745,high,med,5more,4,high,low,Fail
746,high,med,5more,4,high,med,NeedImp
747,high,med,5more,4,high,high,NeedImp
748,high,med,5more,more,low,low,Fail
749,high,med,5more,more,low,med,Fail
750,high,med,5more,more,low,high,NeedImp
751,high,med,5more,more,med,low,Fail
752,high,med,5more,more,med,med,NeedImp
753,high,med,5more,more,med,high,NeedImp
754,high,med,5more,more,high,low,Fail
755,high,med,5more,more,high,med,NeedImp
756,high,med,5more,more,high,high,NeedImp
757,high,low,2,2,low,low,Fail
758,high,low,2,2,low,med,Fail
759,high,low,2,2,low,high,Fail
760,high,low,2,2,med,low,Fail
761,high,low,2,2,med,med,Fail
762,high,low,2,2,med,high,Fail
763,high,low,2,2,high,low,Fail
764,high,low,2,2,high,med,Fail
765,high,low,2,2,high,high,Fail
766,high,low,2,4,low,low,Fail
767,high,low,2,4,low,med,Fail
768,high,low,2,4,low,high,NeedImp
769,high,low,2,4,med,low,Fail
770,high,low,2,4,med,med,Fail
771,high,low,2,4,med,high,NeedImp
772,high,low,2,4,high,low,Fail
773,high,low,2,4,high,med,NeedImp
774,high,low,2,4,high,high,NeedImp
775,high,low,2,more,low,low,Fail
776,high,low,2,more,low,med,Fail
777,high,low,2,more,low,high,Fail
778,high,low,2,more,med,low,Fail
779,high,low,2,more,med,med,Fail
780,high,low,2,more,med,high,NeedImp
781,high,low,2,more,high,low,Fail
782,high,low,2,more,high,med,NeedImp
783,high,low,2,more,high,high,NeedImp
784,high,low,3,2,low,low,Fail
785,high,low,3,2,low,med,Fail
786,high,low,3,2,low,high,Fail
787,high,low,3,2,med,low,Fail
788,high,low,3,2,med,med,Fail
789,high,low,3,2,med,high,Fail
790,high,low,3,2,high,low,Fail
791,high,low,3,2,high,med,Fail
792,high,low,3,2,high,high,Fail
793,high,low,3,4,low,low,Fail
794,high,low,3,4,low,med,Fail
795,high,low,3,4,low,high,NeedImp
796,high,low,3,4,med,low,Fail
797,high,low,3,4,med,med,Fail
798,high,low,3,4,med,high,NeedImp
799,high,low,3,4,high,low,Fail
800,high,low,3,4,high,med,NeedImp
801,high,low,3,4,high,high,NeedImp
802,high,low,3,more,low,low,Fail
803,high,low,3,more,low,med,Fail
804,high,low,3,more,low,high,NeedImp
805,high,low,3,more,med,low,Fail
806,high,low,3,more,med,med,NeedImp
807,high,low,3,more,med,high,NeedImp
808,high,low,3,more,high,low,Fail
809,high,low,3,more,high,med,NeedImp
810,high,low,3,more,high,high,NeedImp
811,high,low,4,2,low,low,Fail
812,high,low,4,2,low,med,Fail
813,high,low,4,2,low,high,Fail
814,high,low,4,2,med,low,Fail
815,high,low,4,2,med,med,Fail
816,high,low,4,2,med,high,Fail
817,high,low,4,2,high,low,Fail
818,high,low,4,2,high,med,Fail
819,high,low,4,2,high,high,Fail
820,high,low,4,4,low,low,Fail
821,high,low,4,4,low,med,Fail
822,high,low,4,4,low,high,NeedImp
823,high,low,4,4,med,low,Fail
824,high,low,4,4,med,med,NeedImp
825,high,low,4,4,med,high,NeedImp
826,high,low,4,4,high,low,Fail
827,high,low,4,4,high,med,NeedImp
828,high,low,4,4,high,high,NeedImp
829,high,low,4,more,low,low,Fail
830,high,low,4,more,low,med,Fail
831,high,low,4,more,low,high,NeedImp
832,high,low,4,more,med,low,Fail
833,high,low,4,more,med,med,NeedImp
834,high,low,4,more,med,high,NeedImp
835,high,low,4,more,high,low,Fail
836,high,low,4,more,high,med,NeedImp
837,high,low,4,more,high,high,NeedImp
838,high,low,5more,2,low,low,Fail
839,high,low,5more,2,low,med,Fail
840,high,low,5more,2,low,high,Fail
841,high,low,5more,2,med,low,Fail
842,high,low,5more,2,med,med,Fail
843,high,low,5more,2,med,high,Fail
844,high,low,5more,2,high,low,Fail
845,high,low,5more,2,high,med,Fail
846,high,low,5more,2,high,high,Fail
847,high,low,5more,4,low,low,Fail
848,high,low,5more,4,low,med,Fail
849,high,low,5more,4,low,high,NeedImp
850,high,low,5more,4,med,low,Fail
851,high,low,5more,4,med,med,NeedImp
852,high,low,5more,4,med,high,NeedImp
853,high,low,5more,4,high,low,Fail
854,high,low,5more,4,high,med,NeedImp
855,high,low,5more,4,high,high,NeedImp
856,high,low,5more,more,low,low,Fail
857,high,low,5more,more,low,med,Fail
858,high,low,5more,more,low,high,NeedImp
859,high,low,5more,more,med,low,Fail
860,high,low,5more,more,med,med,NeedImp
861,high,low,5more,more,med,high,NeedImp
862,high,low,5more,more,high,low,Fail
863,high,low,5more,more,high,med,NeedImp
864,high,low,5more,more,high,high,NeedImp
865,med,vhigh,2,2,low,low,Fail
866,med,vhigh,2,2,low,med,Fail
867,med,vhigh,2,2,low,high,Fail
868,med,vhigh,2,2,med,low,Fail
869,med,vhigh,2,2,med,med,Fail
870,med,vhigh,2,2,med,high,Fail
871,med,vhigh,2,2,high,low,Fail
872,med,vhigh,2,2,high,med,Fail
873,med,vhigh,2,2,high,high,Fail
874,med,vhigh,2,4,low,low,Fail
875,med,vhigh,2,4,low,med,Fail
876,med,vhigh,2,4,low,high,NeedImp
877,med,vhigh,2,4,med,low,Fail
878,med,vhigh,2,4,med,med,Fail
879,med,vhigh,2,4,med,high,NeedImp
880,med,vhigh,2,4,high,low,Fail
881,med,vhigh,2,4,high,med,NeedImp
882,med,vhigh,2,4,high,high,NeedImp
883,med,vhigh,2,more,low,low,Fail
884,med,vhigh,2,more,low,med,Fail
885,med,vhigh,2,more,low,high,Fail
886,med,vhigh,2,more,med,low,Fail
887,med,vhigh,2,more,med,med,Fail
888,med,vhigh,2,more,med,high,NeedImp
889,med,vhigh,2,more,high,low,Fail
890,med,vhigh,2,more,high,med,NeedImp
891,med,vhigh,2,more,high,high,NeedImp
892,med,vhigh,3,2,low,low,Fail
893,med,vhigh,3,2,low,med,Fail
894,med,vhigh,3,2,low,high,Fail
895,med,vhigh,3,2,med,low,Fail
896,med,vhigh,3,2,med,med,Fail
897,med,vhigh,3,2,med,high,Fail
898,med,vhigh,3,2,high,low,Fail
899,med,vhigh,3,2,high,med,Fail
900,med,vhigh,3,2,high,high,Fail
901,med,vhigh,3,4,low,low,Fail
902,med,vhigh,3,4,low,med,Fail
903,med,vhigh,3,4,low,high,NeedImp
904,med,vhigh,3,4,med,low,Fail
905,med,vhigh,3,4,med,med,Fail
906,med,vhigh,3,4,med,high,NeedImp
907,med,vhigh,3,4,high,low,Fail
908,med,vhigh,3,4,high,med,NeedImp
909,med,vhigh,3,4,high,high,NeedImp
910,med,vhigh,3,more,low,low,Fail
911,med,vhigh,3,more,low,med,Fail
912,med,vhigh,3,more,low,high,NeedImp
913,med,vhigh,3,more,med,low,Fail
914,med,vhigh,3,more,med,med,NeedImp
915,med,vhigh,3,more,med,high,NeedImp
916,med,vhigh,3,more,high,low,Fail
917,med,vhigh,3,more,high,med,NeedImp
918,med,vhigh,3,more,high,high,NeedImp
919,med,vhigh,4,2,low,low,Fail
920,med,vhigh,4,2,low,med,Fail
921,med,vhigh,4,2,low,high,Fail
922,med,vhigh,4,2,med,low,Fail
923,med,vhigh,4,2,med,med,Fail
924,med,vhigh,4,2,med,high,Fail
925,med,vhigh,4,2,high,low,Fail
926,med,vhigh,4,2,high,med,Fail
927,med,vhigh,4,2,high,high,Fail
928,med,vhigh,4,4,low,low,Fail
929,med,vhigh,4,4,low,med,Fail
930,med,vhigh,4,4,low,high,NeedImp
931,med,vhigh,4,4,med,low,Fail
932,med,vhigh,4,4,med,med,NeedImp
933,med,vhigh,4,4,med,high,NeedImp
934,med,vhigh,4,4,high,low,Fail
935,med,vhigh,4,4,high,med,NeedImp
936,med,vhigh,4,4,high,high,NeedImp
937,med,vhigh,4,more,low,low,Fail
938,med,vhigh,4,more,low,med,Fail
939,med,vhigh,4,more,low,high,NeedImp
940,med,vhigh,4,more,med,low,Fail
941,med,vhigh,4,more,med,med,NeedImp
942,med,vhigh,4,more,med,high,NeedImp
943,med,vhigh,4,more,high,low,Fail
944,med,vhigh,4,more,high,med,NeedImp
945,med,vhigh,4,more,high,high,NeedImp
946,med,vhigh,5more,2,low,low,Fail
947,med,vhigh,5more,2,low,med,Fail
948,med,vhigh,5more,2,low,high,Fail
949,med,vhigh,5more,2,med,low,Fail
950,med,vhigh,5more,2,med,med,Fail
951,med,vhigh,5more,2,med,high,Fail
952,med,vhigh,5more,2,high,low,Fail
953,med,vhigh,5more,2,high,med,Fail
954,med,vhigh,5more,2,high,high,Fail
955,med,vhigh,5more,4,low,low,Fail
956,med,vhigh,5more,4,low,med,Fail
957,med,vhigh,5more,4,low,high,NeedImp
958,med,vhigh,5more,4,med,low,Fail
959,med,vhigh,5more,4,med,med,NeedImp
960,med,vhigh,5more,4,med,high,NeedImp
961,med,vhigh,5more,4,high,low,Fail
962,med,vhigh,5more,4,high,med,NeedImp
963,med,vhigh,5more,4,high,high,NeedImp
964,med,vhigh,5more,more,low,low,Fail
965,med,vhigh,5more,more,low,med,Fail
966,med,vhigh,5more,more,low,high,NeedImp
967,med,vhigh,5more,more,med,low,Fail
968,med,vhigh,5more,more,med,med,NeedImp
969,med,vhigh,5more,more,med,high,NeedImp
970,med,vhigh,5more,more,high,low,Fail
971,med,vhigh,5more,more,high,med,NeedImp
972,med,vhigh,5more,more,high,high,NeedImp
973,med,high,2,2,low,low,Fail
974,med,high,2,2,low,med,Fail
975,med,high,2,2,low,high,Fail
976,med,high,2,2,med,low,Fail
977,med,high,2,2,med,med,Fail
978,med,high,2,2,med,high,Fail
979,med,high,2,2,high,low,Fail
980,med,high,2,2,high,med,Fail
981,med,high,2,2,high,high,Fail
982,med,high,2,4,low,low,Fail
983,med,high,2,4,low,med,Fail
984,med,high,2,4,low,high,NeedImp
985,med,high,2,4,med,low,Fail
986,med,high,2,4,med,med,Fail
987,med,high,2,4,med,high,NeedImp
988,med,high,2,4,high,low,Fail
989,med,high,2,4,high,med,NeedImp
990,med,high,2,4,high,high,NeedImp
991,med,high,2,more,low,low,Fail
992,med,high,2,more,low,med,Fail
993,med,high,2,more,low,high,Fail
994,med,high,2,more,med,low,Fail
995,med,high,2,more,med,med,Fail
996,med,high,2,more,med,high,NeedImp
997,med,high,2,more,high,low,Fail
998,med,high,2,more,high,med,NeedImp
999,med,high,2,more,high,high,NeedImp
1000,med,high,3,2,low,low,Fail
1001,med,high,3,2,low,med,Fail
1002,med,high,3,2,low,high,Fail
1003,med,high,3,2,med,low,Fail
1004,med,high,3,2,med,med,Fail
1005,med,high,3,2,med,high,Fail
1006,med,high,3,2,high,low,Fail
1007,med,high,3,2,high,med,Fail
1008,med,high,3,2,high,high,Fail
1009,med,high,3,4,low,low,Fail
1010,med,high,3,4,low,med,Fail
1011,med,high,3,4,low,high,NeedImp
1012,med,high,3,4,med,low,Fail
1013,med,high,3,4,med,med,Fail
1014,med,high,3,4,med,high,NeedImp
1015,med,high,3,4,high,low,Fail
1016,med,high,3,4,high,med,NeedImp
1017,med,high,3,4,high,high,NeedImp
1018,med,high,3,more,low,low,Fail
1019,med,high,3,more,low,med,Fail
1020,med,high,3,more,low,high,NeedImp
1021,med,high,3,more,med,low,Fail
1022,med,high,3,more,med,med,NeedImp
1023,med,high,3,more,med,high,NeedImp
1024,med,high,3,more,high,low,Fail
1025,med,high,3,more,high,med,NeedImp
1026,med,high,3,more,high,high,NeedImp
1027,med,high,4,2,low,low,Fail
1028,med,high,4,2,low,med,Fail
1029,med,high,4,2,low,high,Fail
1030,med,high,4,2,med,low,Fail
1031,med,high,4,2,med,med,Fail
1032,med,high,4,2,med,high,Fail
1033,med,high,4,2,high,low,Fail
1034,med,high,4,2,high,med,Fail
1035,med,high,4,2,high,high,Fail
1036,med,high,4,4,low,low,Fail
1037,med,high,4,4,low,med,Fail
1038,med,high,4,4,low,high,NeedImp
1039,med,high,4,4,med,low,Fail
1040,med,high,4,4,med,med,NeedImp
1041,med,high,4,4,med,high,NeedImp
1042,med,high,4,4,high,low,Fail
1043,med,high,4,4,high,med,NeedImp
1044,med,high,4,4,high,high,NeedImp
1045,med,high,4,more,low,low,Fail
1046,med,high,4,more,low,med,Fail
1047,med,high,4,more,low,high,NeedImp
1048,med,high,4,more,med,low,Fail
1049,med,high,4,more,med,med,NeedImp
1050,med,high,4,more,med,high,NeedImp
1051,med,high,4,more,high,low,Fail
1052,med,high,4,more,high,med,NeedImp
1053,med,high,4,more,high,high,NeedImp
1054,med,high,5more,2,low,low,Fail
1055,med,high,5more,2,low,med,Fail
1056,med,high,5more,2,low,high,Fail
1057,med,high,5more,2,med,low,Fail
1058,med,high,5more,2,med,med,Fail
1059,med,high,5more,2,med,high,Fail
1060,med,high,5more,2,high,low,Fail
1061,med,high,5more,2,high,med,Fail
1062,med,high,5more,2,high,high,Fail
1063,med,high,5more,4,low,low,Fail
1064,med,high,5more,4,low,med,Fail
1065,med,high,5more,4,low,high,NeedImp
1066,med,high,5more,4,med,low,Fail
1067,med,high,5more,4,med,med,NeedImp
1068,med,high,5more,4,med,high,NeedImp
1069,med,high,5more,4,high,low,Fail
1070,med,high,5more,4,high,med,NeedImp
1071,med,high,5more,4,high,high,NeedImp
1072,med,high,5more,more,low,low,Fail
1073,med,high,5more,more,low,med,Fail
1074,med,high,5more,more,low,high,NeedImp
1075,med,high,5more,more,med,low,Fail
1076,med,high,5more,more,med,med,NeedImp
1077,med,high,5more,more,med,high,NeedImp
1078,med,high,5more,more,high,low,Fail
1079,med,high,5more,more,high,med,NeedImp
1080,med,high,5more,more,high,high,NeedImp
1081,med,med,2,2,low,low,Fail
1082,med,med,2,2,low,med,Fail
1083,med,med,2,2,low,high,Fail
1084,med,med,2,2,med,low,Fail
1085,med,med,2,2,med,med,Fail
1086,med,med,2,2,med,high,Fail
1087,med,med,2,2,high,low,Fail
1088,med,med,2,2,high,med,Fail
1089,med,med,2,2,high,high,Fail
1090,med,med,2,4,low,low,Fail
1091,med,med,2,4,low,med,NeedImp
1092,med,med,2,4,low,high,NeedImp
1093,med,med,2,4,med,low,Fail
1094,med,med,2,4,med,med,NeedImp
1095,med,med,2,4,med,high,NeedImp
1096,med,med,2,4,high,low,Fail
1097,med,med,2,4,high,med,NeedImp
1098,med,med,2,4,high,high,vgood
1099,med,med,2,more,low,low,Fail
1100,med,med,2,more,low,med,Fail
1101,med,med,2,more,low,high,Fail
1102,med,med,2,more,med,low,Fail
1103,med,med,2,more,med,med,NeedImp
1104,med,med,2,more,med,high,NeedImp
1105,med,med,2,more,high,low,Fail
1106,med,med,2,more,high,med,NeedImp
1107,med,med,2,more,high,high,vgood
1108,med,med,3,2,low,low,Fail
1109,med,med,3,2,low,med,Fail
1110,med,med,3,2,low,high,Fail
1111,med,med,3,2,med,low,Fail
1112,med,med,3,2,med,med,Fail
1113,med,med,3,2,med,high,Fail
1114,med,med,3,2,high,low,Fail
1115,med,med,3,2,high,med,Fail
1116,med,med,3,2,high,high,Fail
1117,med,med,3,4,low,low,Fail
1118,med,med,3,4,low,med,NeedImp
1119,med,med,3,4,low,high,NeedImp
1120,med,med,3,4,med,low,Fail
1121,med,med,3,4,med,med,NeedImp
1122,med,med,3,4,med,high,NeedImp
1123,med,med,3,4,high,low,Fail
1124,med,med,3,4,high,med,NeedImp
1125,med,med,3,4,high,high,vgood
1126,med,med,3,more,low,low,Fail
1127,med,med,3,more,low,med,NeedImp
1128,med,med,3,more,low,high,NeedImp
1129,med,med,3,more,med,low,Fail
1130,med,med,3,more,med,med,NeedImp
1131,med,med,3,more,med,high,vgood
1132,med,med,3,more,high,low,Fail
1133,med,med,3,more,high,med,NeedImp
1134,med,med,3,more,high,high,vgood
1135,med,med,4,2,low,low,Fail
1136,med,med,4,2,low,med,Fail
1137,med,med,4,2,low,high,Fail
1138,med,med,4,2,med,low,Fail
1139,med,med,4,2,med,med,Fail
1140,med,med,4,2,med,high,Fail
1141,med,med,4,2,high,low,Fail
1142,med,med,4,2,high,med,Fail
1143,med,med,4,2,high,high,Fail
1144,med,med,4,4,low,low,Fail
1145,med,med,4,4,low,med,NeedImp
1146,med,med,4,4,low,high,NeedImp
1147,med,med,4,4,med,low,Fail
1148,med,med,4,4,med,med,NeedImp
1149,med,med,4,4,med,high,vgood
1150,med,med,4,4,high,low,Fail
1151,med,med,4,4,high,med,NeedImp
1152,med,med,4,4,high,high,vgood
1153,med,med,4,more,low,low,Fail
1154,med,med,4,more,low,med,NeedImp
1155,med,med,4,more,low,high,NeedImp
1156,med,med,4,more,med,low,Fail
1157,med,med,4,more,med,med,NeedImp
1158,med,med,4,more,med,high,vgood
1159,med,med,4,more,high,low,Fail
1160,med,med,4,more,high,med,NeedImp
1161,med,med,4,more,high,high,vgood
1162,med,med,5more,2,low,low,Fail
1163,med,med,5more,2,low,med,Fail
1164,med,med,5more,2,low,high,Fail
1165,med,med,5more,2,med,low,Fail
1166,med,med,5more,2,med,med,Fail
1167,med,med,5more,2,med,high,Fail
1168,med,med,5more,2,high,low,Fail
1169,med,med,5more,2,high,med,Fail
1170,med,med,5more,2,high,high,Fail
1171,med,med,5more,4,low,low,Fail
1172,med,med,5more,4,low,med,NeedImp
1173,med,med,5more,4,low,high,NeedImp
1174,med,med,5more,4,med,low,Fail
1175,med,med,5more,4,med,med,NeedImp
1176,med,med,5more,4,med,high,vgood
1177,med,med,5more,4,high,low,Fail
1178,med,med,5more,4,high,med,NeedImp
1179,med,med,5more,4,high,high,vgood
1180,med,med,5more,more,low,low,Fail
1181,med,med,5more,more,low,med,NeedImp
1182,med,med,5more,more,low,high,NeedImp
1183,med,med,5more,more,med,low,Fail
1184,med,med,5more,more,med,med,NeedImp
1185,med,med,5more,more,med,high,vgood
1186,med,med,5more,more,high,low,Fail
1187,med,med,5more,more,high,med,NeedImp
1188,med,med,5more,more,high,high,vgood
1189,med,low,2,2,low,low,Fail
1190,med,low,2,2,low,med,Fail
1191,med,low,2,2,low,high,Fail
1192,med,low,2,2,med,low,Fail
1193,med,low,2,2,med,med,Fail
1194,med,low,2,2,med,high,Fail
1195,med,low,2,2,high,low,Fail
1196,med,low,2,2,high,med,Fail
1197,med,low,2,2,high,high,Fail
1198,med,low,2,4,low,low,Fail
1199,med,low,2,4,low,med,NeedImp
1200,med,low,2,4,low,high,good
1201,med,low,2,4,med,low,Fail
1202,med,low,2,4,med,med,NeedImp
1203,med,low,2,4,med,high,good
1204,med,low,2,4,high,low,Fail
1205,med,low,2,4,high,med,good
1206,med,low,2,4,high,high,vgood
1207,med,low,2,more,low,low,Fail
1208,med,low,2,more,low,med,Fail
1209,med,low,2,more,low,high,Fail
1210,med,low,2,more,med,low,Fail
1211,med,low,2,more,med,med,NeedImp
1212,med,low,2,more,med,high,good
1213,med,low,2,more,high,low,Fail
1214,med,low,2,more,high,med,good
1215,med,low,2,more,high,high,vgood
1216,med,low,3,2,low,low,Fail
1217,med,low,3,2,low,med,Fail
1218,med,low,3,2,low,high,Fail
1219,med,low,3,2,med,low,Fail
1220,med,low,3,2,med,med,Fail
1221,med,low,3,2,med,high,Fail
1222,med,low,3,2,high,low,Fail
1223,med,low,3,2,high,med,Fail
1224,med,low,3,2,high,high,Fail
1225,med,low,3,4,low,low,Fail
1226,med,low,3,4,low,med,NeedImp
1227,med,low,3,4,low,high,good
1228,med,low,3,4,med,low,Fail
1229,med,low,3,4,med,med,NeedImp
1230,med,low,3,4,med,high,good
1231,med,low,3,4,high,low,Fail
1232,med,low,3,4,high,med,good
1233,med,low,3,4,high,high,vgood
1234,med,low,3,more,low,low,Fail
1235,med,low,3,more,low,med,NeedImp
1236,med,low,3,more,low,high,good
1237,med,low,3,more,med,low,Fail
1238,med,low,3,more,med,med,good
1239,med,low,3,more,med,high,vgood
1240,med,low,3,more,high,low,Fail
1241,med,low,3,more,high,med,good
1242,med,low,3,more,high,high,vgood
1243,med,low,4,2,low,low,Fail
1244,med,low,4,2,low,med,Fail
1245,med,low,4,2,low,high,Fail
1246,med,low,4,2,med,low,Fail
1247,med,low,4,2,med,med,Fail
1248,med,low,4,2,med,high,Fail
1249,med,low,4,2,high,low,Fail
1250,med,low,4,2,high,med,Fail
1251,med,low,4,2,high,high,Fail
1252,med,low,4,4,low,low,Fail
1253,med,low,4,4,low,med,NeedImp
1254,med,low,4,4,low,high,good
1255,med,low,4,4,med,low,Fail
1256,med,low,4,4,med,med,good
1257,med,low,4,4,med,high,vgood
1258,med,low,4,4,high,low,Fail
1259,med,low,4,4,high,med,good
1260,med,low,4,4,high,high,vgood
1261,med,low,4,more,low,low,Fail
1262,med,low,4,more,low,med,NeedImp
1263,med,low,4,more,low,high,good
1264,med,low,4,more,med,low,Fail
1265,med,low,4,more,med,med,good
1266,med,low,4,more,med,high,vgood
1267,med,low,4,more,high,low,Fail
1268,med,low,4,more,high,med,good
1269,med,low,4,more,high,high,vgood
1270,med,low,5more,2,low,low,Fail
1271,med,low,5more,2,low,med,Fail
1272,med,low,5more,2,low,high,Fail
1273,med,low,5more,2,med,low,Fail
1274,med,low,5more,2,med,med,Fail
1275,med,low,5more,2,med,high,Fail
1276,med,low,5more,2,high,low,Fail
1277,med,low,5more,2,high,med,Fail
1278,med,low,5more,2,high,high,Fail
1279,med,low,5more,4,low,low,Fail
1280,med,low,5more,4,low,med,NeedImp
1281,med,low,5more,4,low,high,good
1282,med,low,5more,4,med,low,Fail
1283,med,low,5more,4,med,med,good
1284,med,low,5more,4,med,high,vgood
1285,med,low,5more,4,high,low,Fail
1286,med,low,5more,4,high,med,good
1287,med,low,5more,4,high,high,vgood
1288,med,low,5more,more,low,low,Fail
1289,med,low,5more,more,low,med,NeedImp
1290,med,low,5more,more,low,high,good
1291,med,low,5more,more,med,low,Fail
1292,med,low,5more,more,med,med,good
1293,med,low,5more,more,med,high,vgood
1294,med,low,5more,more,high,low,Fail
1295,med,low,5more,more,high,med,good
1296,med,low,5more,more,high,high,vgood
1297,low,vhigh,2,2,low,low,Fail
1298,low,vhigh,2,2,low,med,Fail
1299,low,vhigh,2,2,low,high,Fail
1300,low,vhigh,2,2,med,low,Fail
1301,low,vhigh,2,2,med,med,Fail
1302,low,vhigh,2,2,med,high,Fail
1303,low,vhigh,2,2,high,low,Fail
1304,low,vhigh,2,2,high,med,Fail
1305,low,vhigh,2,2,high,high,Fail
1306,low,vhigh,2,4,low,low,Fail
1307,low,vhigh,2,4,low,med,Fail
1308,low,vhigh,2,4,low,high,NeedImp
1309,low,vhigh,2,4,med,low,Fail
1310,low,vhigh,2,4,med,med,Fail
1311,low,vhigh,2,4,med,high,NeedImp
1312,low,vhigh,2,4,high,low,Fail
1313,low,vhigh,2,4,high,med,NeedImp
1314,low,vhigh,2,4,high,high,NeedImp
1315,low,vhigh,2,more,low,low,Fail
1316,low,vhigh,2,more,low,med,Fail
1317,low,vhigh,2,more,low,high,Fail
1318,low,vhigh,2,more,med,low,Fail
1319,low,vhigh,2,more,med,med,Fail
1320,low,vhigh,2,more,med,high,NeedImp
1321,low,vhigh,2,more,high,low,Fail
1322,low,vhigh,2,more,high,med,NeedImp
1323,low,vhigh,2,more,high,high,NeedImp
1324,low,vhigh,3,2,low,low,Fail
1325,low,vhigh,3,2,low,med,Fail
1326,low,vhigh,3,2,low,high,Fail
1327,low,vhigh,3,2,med,low,Fail
1328,low,vhigh,3,2,med,med,Fail
1329,low,vhigh,3,2,med,high,Fail
1330,low,vhigh,3,2,high,low,Fail
1331,low,vhigh,3,2,high,med,Fail
1332,low,vhigh,3,2,high,high,Fail
1333,low,vhigh,3,4,low,low,Fail
1334,low,vhigh,3,4,low,med,Fail
1335,low,vhigh,3,4,low,high,NeedImp
1336,low,vhigh,3,4,med,low,Fail
1337,low,vhigh,3,4,med,med,Fail
1338,low,vhigh,3,4,med,high,NeedImp
1339,low,vhigh,3,4,high,low,Fail
1340,low,vhigh,3,4,high,med,NeedImp
1341,low,vhigh,3,4,high,high,NeedImp
1342,low,vhigh,3,more,low,low,Fail
1343,low,vhigh,3,more,low,med,Fail
1344,low,vhigh,3,more,low,high,NeedImp
1345,low,vhigh,3,more,med,low,Fail
1346,low,vhigh,3,more,med,med,NeedImp
1347,low,vhigh,3,more,med,high,NeedImp
1348,low,vhigh,3,more,high,low,Fail
1349,low,vhigh,3,more,high,med,NeedImp
1350,low,vhigh,3,more,high,high,NeedImp
1351,low,vhigh,4,2,low,low,Fail
1352,low,vhigh,4,2,low,med,Fail
1353,low,vhigh,4,2,low,high,Fail
1354,low,vhigh,4,2,med,low,Fail
1355,low,vhigh,4,2,med,med,Fail
1356,low,vhigh,4,2,med,high,Fail
1357,low,vhigh,4,2,high,low,Fail
1358,low,vhigh,4,2,high,med,Fail
1359,low,vhigh,4,2,high,high,Fail
1360,low,vhigh,4,4,low,low,Fail
1361,low,vhigh,4,4,low,med,Fail
1362,low,vhigh,4,4,low,high,NeedImp
1363,low,vhigh,4,4,med,low,Fail
1364,low,vhigh,4,4,med,med,NeedImp
1365,low,vhigh,4,4,med,high,NeedImp
1366,low,vhigh,4,4,high,low,Fail
1367,low,vhigh,4,4,high,med,NeedImp
1368,low,vhigh,4,4,high,high,NeedImp
1369,low,vhigh,4,more,low,low,Fail
1370,low,vhigh,4,more,low,med,Fail
1371,low,vhigh,4,more,low,high,NeedImp
1372,low,vhigh,4,more,med,low,Fail
1373,low,vhigh,4,more,med,med,NeedImp
1374,low,vhigh,4,more,med,high,NeedImp
1375,low,vhigh,4,more,high,low,Fail
1376,low,vhigh,4,more,high,med,NeedImp
1377,low,vhigh,4,more,high,high,NeedImp
1378,low,vhigh,5more,2,low,low,Fail
1379,low,vhigh,5more,2,low,med,Fail
1380,low,vhigh,5more,2,low,high,Fail
1381,low,vhigh,5more,2,med,low,Fail
1382,low,vhigh,5more,2,med,med,Fail
1383,low,vhigh,5more,2,med,high,Fail
1384,low,vhigh,5more,2,high,low,Fail
1385,low,vhigh,5more,2,high,med,Fail
1386,low,vhigh,5more,2,high,high,Fail
1387,low,vhigh,5more,4,low,low,Fail
1388,low,vhigh,5more,4,low,med,Fail
1389,low,vhigh,5more,4,low,high,NeedImp
1390,low,vhigh,5more,4,med,low,Fail
1391,low,vhigh,5more,4,med,med,NeedImp
1392,low,vhigh,5more,4,med,high,NeedImp
1393,low,vhigh,5more,4,high,low,Fail
1394,low,vhigh,5more,4,high,med,NeedImp
1395,low,vhigh,5more,4,high,high,NeedImp
1396,low,vhigh,5more,more,low,low,Fail
1397,low,vhigh,5more,more,low,med,Fail
1398,low,vhigh,5more,more,low,high,NeedImp
1399,low,vhigh,5more,more,med,low,Fail
1400,low,vhigh,5more,more,med,med,NeedImp
1401,low,vhigh,5more,more,med,high,NeedImp
1402,low,vhigh,5more,more,high,low,Fail
1403,low,vhigh,5more,more,high,med,NeedImp
1404,low,vhigh,5more,more,high,high,NeedImp
1405,low,high,2,2,low,low,Fail
1406,low,high,2,2,low,med,Fail
1407,low,high,2,2,low,high,Fail
1408,low,high,2,2,med,low,Fail
1409,low,high,2,2,med,med,Fail
1410,low,high,2,2,med,high,Fail
1411,low,high,2,2,high,low,Fail
1412,low,high,2,2,high,med,Fail
1413,low,high,2,2,high,high,Fail
1414,low,high,2,4,low,low,Fail
1415,low,high,2,4,low,med,NeedImp
1416,low,high,2,4,low,high,NeedImp
1417,low,high,2,4,med,low,Fail
1418,low,high,2,4,med,med,NeedImp
1419,low,high,2,4,med,high,NeedImp
1420,low,high,2,4,high,low,Fail
1421,low,high,2,4,high,med,NeedImp
1422,low,high,2,4,high,high,vgood
1423,low,high,2,more,low,low,Fail
1424,low,high,2,more,low,med,Fail
1425,low,high,2,more,low,high,Fail
1426,low,high,2,more,med,low,Fail
1427,low,high,2,more,med,med,NeedImp
1428,low,high,2,more,med,high,NeedImp
1429,low,high,2,more,high,low,Fail
1430,low,high,2,more,high,med,NeedImp
1431,low,high,2,more,high,high,vgood
1432,low,high,3,2,low,low,Fail
1433,low,high,3,2,low,med,Fail
1434,low,high,3,2,low,high,Fail
1435,low,high,3,2,med,low,Fail
1436,low,high,3,2,med,med,Fail
1437,low,high,3,2,med,high,Fail
1438,low,high,3,2,high,low,Fail
1439,low,high,3,2,high,med,Fail
1440,low,high,3,2,high,high,Fail
1441,low,high,3,4,low,low,Fail
1442,low,high,3,4,low,med,NeedImp
1443,low,high,3,4,low,high,NeedImp
1444,low,high,3,4,med,low,Fail
1445,low,high,3,4,med,med,NeedImp
1446,low,high,3,4,med,high,NeedImp
1447,low,high,3,4,high,low,Fail
1448,low,high,3,4,high,med,NeedImp
1449,low,high,3,4,high,high,vgood
1450,low,high,3,more,low,low,Fail
1451,low,high,3,more,low,med,NeedImp
1452,low,high,3,more,low,high,NeedImp
1453,low,high,3,more,med,low,Fail
1454,low,high,3,more,med,med,NeedImp
1455,low,high,3,more,med,high,vgood
1456,low,high,3,more,high,low,Fail
1457,low,high,3,more,high,med,NeedImp
1458,low,high,3,more,high,high,vgood
1459,low,high,4,2,low,low,Fail
1460,low,high,4,2,low,med,Fail
1461,low,high,4,2,low,high,Fail
1462,low,high,4,2,med,low,Fail
1463,low,high,4,2,med,med,Fail
1464,low,high,4,2,med,high,Fail
1465,low,high,4,2,high,low,Fail
1466,low,high,4,2,high,med,Fail
1467,low,high,4,2,high,high,Fail
1468,low,high,4,4,low,low,Fail
1469,low,high,4,4,low,med,NeedImp
1470,low,high,4,4,low,high,NeedImp
1471,low,high,4,4,med,low,Fail
1472,low,high,4,4,med,med,NeedImp
1473,low,high,4,4,med,high,vgood
1474,low,high,4,4,high,low,Fail
1475,low,high,4,4,high,med,NeedImp
1476,low,high,4,4,high,high,vgood
1477,low,high,4,more,low,low,Fail
1478,low,high,4,more,low,med,NeedImp
1479,low,high,4,more,low,high,NeedImp
1480,low,high,4,more,med,low,Fail
1481,low,high,4,more,med,med,NeedImp
1482,low,high,4,more,med,high,vgood
1483,low,high,4,more,high,low,Fail
1484,low,high,4,more,high,med,NeedImp
1485,low,high,4,more,high,high,vgood
1486,low,high,5more,2,low,low,Fail
1487,low,high,5more,2,low,med,Fail
1488,low,high,5more,2,low,high,Fail
1489,low,high,5more,2,med,low,Fail
1490,low,high,5more,2,med,med,Fail
1491,low,high,5more,2,med,high,Fail
1492,low,high,5more,2,high,low,Fail
1493,low,high,5more,2,high,med,Fail
1494,low,high,5more,2,high,high,Fail
1495,low,high,5more,4,low,low,Fail
1496,low,high,5more,4,low,med,NeedImp
1497,low,high,5more,4,low,high,NeedImp
1498,low,high,5more,4,med,low,Fail
1499,low,high,5more,4,med,med,NeedImp
1500,low,high,5more,4,med,high,vgood
1501,low,high,5more,4,high,low,Fail
1502,low,high,5more,4,high,med,NeedImp
1503,low,high,5more,4,high,high,vgood
1504,low,high,5more,more,low,low,Fail
1505,low,high,5more,more,low,med,NeedImp
1506,low,high,5more,more,low,high,NeedImp
1507,low,high,5more,more,med,low,Fail
1508,low,high,5more,more,med,med,NeedImp
1509,low,high,5more,more,med,high,vgood
1510,low,high,5more,more,high,low,Fail
1511,low,high,5more,more,high,med,NeedImp
1512,low,high,5more,more,high,high,vgood
1513,low,med,2,2,low,low,Fail
1514,low,med,2,2,low,med,Fail
1515,low,med,2,2,low,high,Fail
1516,low,med,2,2,med,low,Fail
1517,low,med,2,2,med,med,Fail
1518,low,med,2,2,med,high,Fail
1519,low,med,2,2,high,low,Fail
1520,low,med,2,2,high,med,Fail
1521,low,med,2,2,high,high,Fail
1522,low,med,2,4,low,low,Fail
1523,low,med,2,4,low,med,NeedImp
1524,low,med,2,4,low,high,good
1525,low,med,2,4,med,low,Fail
1526,low,med,2,4,med,med,NeedImp
1527,low,med,2,4,med,high,good
1528,low,med,2,4,high,low,Fail
1529,low,med,2,4,high,med,good
1530,low,med,2,4,high,high,vgood
1531,low,med,2,more,low,low,Fail
1532,low,med,2,more,low,med,Fail
1533,low,med,2,more,low,high,Fail
1534,low,med,2,more,med,low,Fail
1535,low,med,2,more,med,med,NeedImp
1536,low,med,2,more,med,high,good
1537,low,med,2,more,high,low,Fail
1538,low,med,2,more,high,med,good
1539,low,med,2,more,high,high,vgood
1540,low,med,3,2,low,low,Fail
1541,low,med,3,2,low,med,Fail
1542,low,med,3,2,low,high,Fail
1543,low,med,3,2,med,low,Fail
1544,low,med,3,2,med,med,Fail
1545,low,med,3,2,med,high,Fail
1546,low,med,3,2,high,low,Fail
1547,low,med,3,2,high,med,Fail
1548,low,med,3,2,high,high,Fail
1549,low,med,3,4,low,low,Fail
1550,low,med,3,4,low,med,NeedImp
1551,low,med,3,4,low,high,good
1552,low,med,3,4,med,low,Fail
1553,low,med,3,4,med,med,NeedImp
1554,low,med,3,4,med,high,good
1555,low,med,3,4,high,low,Fail
1556,low,med,3,4,high,med,good
1557,low,med,3,4,high,high,vgood
1558,low,med,3,more,low,low,Fail
1559,low,med,3,more,low,med,NeedImp
1560,low,med,3,more,low,high,good
1561,low,med,3,more,med,low,Fail
1562,low,med,3,more,med,med,good
1563,low,med,3,more,med,high,vgood
1564,low,med,3,more,high,low,Fail
1565,low,med,3,more,high,med,good
1566,low,med,3,more,high,high,vgood
1567,low,med,4,2,low,low,Fail
1568,low,med,4,2,low,med,Fail
1569,low,med,4,2,low,high,Fail
1570,low,med,4,2,med,low,Fail
1571,low,med,4,2,med,med,Fail
1572,low,med,4,2,med,high,Fail
1573,low,med,4,2,high,low,Fail
1574,low,med,4,2,high,med,Fail
1575,low,med,4,2,high,high,Fail
1576,low,med,4,4,low,low,Fail
1577,low,med,4,4,low,med,NeedImp
1578,low,med,4,4,low,high,good
1579,low,med,4,4,med,low,Fail
1580,low,med,4,4,med,med,good
1581,low,med,4,4,med,high,vgood
1582,low,med,4,4,high,low,Fail
1583,low,med,4,4,high,med,good
1584,low,med,4,4,high,high,vgood
1585,low,med,4,more,low,low,Fail
1586,low,med,4,more,low,med,NeedImp
1587,low,med,4,more,low,high,good
1588,low,med,4,more,med,low,Fail
1589,low,med,4,more,med,med,good
1590,low,med,4,more,med,high,vgood
1591,low,med,4,more,high,low,Fail
1592,low,med,4,more,high,med,good
1593,low,med,4,more,high,high,vgood
1594,low,med,5more,2,low,low,Fail
1595,low,med,5more,2,low,med,Fail
1596,low,med,5more,2,low,high,Fail
1597,low,med,5more,2,med,low,Fail
1598,low,med,5more,2,med,med,Fail
1599,low,med,5more,2,med,high,Fail
1600,low,med,5more,2,high,low,Fail
1601,low,med,5more,2,high,med,Fail
1602,low,med,5more,2,high,high,Fail
1603,low,med,5more,4,low,low,Fail
1604,low,med,5more,4,low,med,NeedImp
1605,low,med,5more,4,low,high,good
1606,low,med,5more,4,med,low,Fail
1607,low,med,5more,4,med,med,good
1608,low,med,5more,4,med,high,vgood
1609,low,med,5more,4,high,low,Fail
1610,low,med,5more,4,high,med,good
1611,low,med,5more,4,high,high,vgood
1612,low,med,5more,more,low,low,Fail
1613,low,med,5more,more,low,med,NeedImp
1614,low,med,5more,more,low,high,good
1615,low,med,5more,more,med,low,Fail
1616,low,med,5more,more,med,med,good
1617,low,med,5more,more,med,high,vgood
1618,low,med,5more,more,high,low,Fail
1619,low,med,5more,more,high,med,good
1620,low,med,5more,more,high,high,vgood
1621,low,low,2,2,low,low,Fail
1622,low,low,2,2,low,med,Fail
1623,low,low,2,2,low,high,Fail
1624,low,low,2,2,med,low,Fail
1625,low,low,2,2,med,med,Fail
1626,low,low,2,2,med,high,Fail
1627,low,low,2,2,high,low,Fail
1628,low,low,2,2,high,med,Fail
1629,low,low,2,2,high,high,Fail
1630,low,low,2,4,low,low,Fail
1631,low,low,2,4,low,med,NeedImp
1632,low,low,2,4,low,high,good
1633,low,low,2,4,med,low,Fail
1634,low,low,2,4,med,med,NeedImp
1635,low,low,2,4,med,high,good
1636,low,low,2,4,high,low,Fail
1637,low,low,2,4,high,med,good
1638,low,low,2,4,high,high,vgood
1639,low,low,2,more,low,low,Fail
1640,low,low,2,more,low,med,Fail
1641,low,low,2,more,low,high,Fail
1642,low,low,2,more,med,low,Fail
1643,low,low,2,more,med,med,NeedImp
1644,low,low,2,more,med,high,good
1645,low,low,2,more,high,low,Fail
1646,low,low,2,more,high,med,good
1647,low,low,2,more,high,high,vgood
1648,low,low,3,2,low,low,Fail
1649,low,low,3,2,low,med,Fail
1650,low,low,3,2,low,high,Fail
1651,low,low,3,2,med,low,Fail
1652,low,low,3,2,med,med,Fail
1653,low,low,3,2,med,high,Fail
1654,low,low,3,2,high,low,Fail
1655,low,low,3,2,high,med,Fail
1656,low,low,3,2,high,high,Fail
1657,low,low,3,4,low,low,Fail
1658,low,low,3,4,low,med,NeedImp
1659,low,low,3,4,low,high,good
1660,low,low,3,4,med,low,Fail
1661,low,low,3,4,med,med,NeedImp
1662,low,low,3,4,med,high,good
1663,low,low,3,4,high,low,Fail
1664,low,low,3,4,high,med,good
1665,low,low,3,4,high,high,vgood
1666,low,low,3,more,low,low,Fail
1667,low,low,3,more,low,med,NeedImp
1668,low,low,3,more,low,high,good
1669,low,low,3,more,med,low,Fail
1670,low,low,3,more,med,med,good
1671,low,low,3,more,med,high,vgood
1672,low,low,3,more,high,low,Fail
1673,low,low,3,more,high,med,good
1674,low,low,3,more,high,high,vgood
1675,low,low,4,2,low,low,Fail
1676,low,low,4,2,low,med,Fail
1677,low,low,4,2,low,high,Fail
1678,low,low,4,2,med,low,Fail
1679,low,low,4,2,med,med,Fail
1680,low,low,4,2,med,high,Fail
1681,low,low,4,2,high,low,Fail
1682,low,low,4,2,high,med,Fail
1683,low,low,4,2,high,high,Fail
1684,low,low,4,4,low,low,Fail
1685,low,low,4,4,low,med,NeedImp
1686,low,low,4,4,low,high,good
1687,low,low,4,4,med,low,Fail
1688,low,low,4,4,med,med,good
1689,low,low,4,4,med,high,vgood
1690,low,low,4,4,high,low,Fail
1691,low,low,4,4,high,med,good
1692,low,low,4,4,high,high,vgood
1693,low,low,4,more,low,low,Fail
1694,low,low,4,more,low,med,NeedImp
1695,low,low,4,more,low,high,good
1696,low,low,4,more,med,low,Fail
1697,low,low,4,more,med,med,good
1698,low,low,4,more,med,high,vgood
1699,low,low,4,more,high,low,Fail
1700,low,low,4,more,high,med,good
1701,low,low,4,more,high,high,vgood
1702,low,low,5more,2,low,low,Fail
1703,low,low,5more,2,low,med,Fail
1704,low,low,5more,2,low,high,Fail
1705,low,low,5more,2,med,low,Fail
1706,low,low,5more,2,med,med,Fail
1707,low,low,5more,2,med,high,Fail
1708,low,low,5more,2,high,low,Fail
1709,low,low,5more,2,high,med,Fail
1710,low,low,5more,2,high,high,Fail
1711,low,low,5more,4,low,low,Fail
1712,low,low,5more,4,low,med,NeedImp
1713,low,low,5more,4,low,high,good
1714,low,low,5more,4,med,low,Fail
1715,low,low,5more,4,med,med,good
1716,low,low,5more,4,med,high,vgood
1717,low,low,5more,4,high,low,Fail
1718,low,low,5more,4,high,med,good
1719,low,low,5more,4,high,high,vgood
1720,low,low,5more,more,low,low,Fail
1721,low,low,5more,more,low,med,NeedImp
1722,low,low,5more,more,low,high,good
1723,low,low,5more,more,med,low,Fail
1724,low,low,5more,more,med,med,good
1725,low,low,5more,more,med,high,vgood
1726,low,low,5more,more,high,low,Fail
1727,low,low,5more,more,high,med,good
1728,low,low,5more,more,high,high,vgood
